"Vendor","Rohde&Schwarz",
"Device/Mat.-No.","RTB2004 / 1333.1005k04",
"Serial No.","107509",
"Firmware Version","02.300",
"Date","2023-03-03",
"Time","11:25:39",
"Comment","",

"Meas. Place",,"1",,"2",,"3",,"4",,
"Type",,"Period",,"Rise Time",,"Period",,"Rise Time",,
"Source 1",,"C2",,"C1",,"C1",,"C2",,
"Source 2",,,,,,,,,,
"Unit",,s,,s,,,,s,,
"Upper Level [%]",,9.000000e+01,,9.000000e+01,,9.000000e+01,,9.000000e+01,,
"Middle Level [%]",,5.000000e+01,,5.000000e+01,,5.000000e+01,,5.000000e+01,,
"Lower Level [%]",,1.000000e+01,,1.000000e+01,,1.000000e+01,,1.000000e+01,,
"Wave count",,4921,,4921,,4921,,4921,,
"Current",,1.709952e-04,,2.617920e-05,,nan,,5.342400e-06,,
"Average No.",,1.000000e+03,,1.000000e+03,,1.000000e+03,,1.000000e+03,,
"Min",,5.393280e-05,,5.227200e-06,,5.400480e-05,,3.993600e-06,,
"Max",,5.000928e-04,,4.250880e-05,,5.000928e-04,,3.473808e-04,,
"Mean",,1.845170e-04,,1.667494e-05,,1.839683e-04,,2.765755e-05,,
"StdDev",,9.046922e-05,,1.401245e-05,,1.247353e-04,,5.077628e-05,,
"Time of first value",,,,,,,,,,
"Time of last value",,,,,,,,,,
"Long term Min",,5.393280e-05,,4.560000e-06,,5.400480e-05,,4.656000e-07,,
"Long term Max",,5.000928e-04,,4.250880e-05,,5.000928e-04,,3.473808e-04,,
"Long term Mean",,1.401371e-04,,8.530584e-06,,1.599150e-04,,1.606983e-05,,
"Long term StdDev",,6.580432e-05,,7.796333e-06,,5.334627e-05,,4.039858e-05,,
"Long term start time",,,,,,,,,,
"Long term end Time",,,,,,,,,,


"Index","Time Offset","Value","Time Offset","Value","Time Offset","Value","Time Offset","Value",
1,,1.710000e-04,,1.156320e-05,,1.600000e+308,,5.342400e-06,
2,,2.499936e-04,,1.164480e-05,,1.600000e+308,,4.555200e-06,
3,,2.500080e-04,,1.163520e-05,,1.600000e+308,,4.526400e-06,
4,,2.500032e-04,,1.181760e-05,,1.600000e+308,,4.550400e-06,
5,,2.500080e-04,,1.188480e-05,,1.600000e+308,,4.545600e-06,
6,,1.710192e-04,,1.158240e-05,,1.600000e+308,,5.376000e-06,
7,,2.500080e-04,,1.160160e-05,,1.600000e+308,,4.579200e-06,
8,,2.499840e-04,,1.152000e-05,,1.600000e+308,,4.526400e-06,
9,,2.499936e-04,,1.172640e-05,,1.600000e+308,,4.574400e-06,
10,,2.500032e-04,,1.147680e-05,,1.600000e+308,,4.502400e-06,
11,,2.499984e-04,,1.183680e-05,,1.600000e+308,,4.540800e-06,
12,,2.499888e-04,,1.138080e-05,,1.600000e+308,,4.569600e-06,
13,,2.500080e-04,,1.159200e-05,,1.600000e+308,,4.507200e-06,
14,,2.499792e-04,,1.149600e-05,,1.600000e+308,,4.521600e-06,
15,,2.499888e-04,,1.169760e-05,,1.600000e+308,,4.555200e-06,
16,,2.499984e-04,,1.163520e-05,,1.600000e+308,,4.560000e-06,
17,,2.500032e-04,,1.175040e-05,,1.600000e+308,,4.579200e-06,
18,,2.499984e-04,,1.177920e-05,,1.600000e+308,,4.526400e-06,
19,,2.500032e-04,,1.182720e-05,,1.600000e+308,,4.555200e-06,
20,,2.500080e-04,,1.154880e-05,,1.600000e+308,,4.540800e-06,
21,,2.500128e-04,,1.158720e-05,,1.600000e+308,,4.545600e-06,
22,,2.499984e-04,,1.161600e-05,,1.600000e+308,,4.560000e-06,
23,,2.499936e-04,,1.156800e-05,,1.600000e+308,,4.550400e-06,
24,,1.710576e-04,,1.149600e-05,,1.600000e+308,,5.352000e-06,
25,,2.500080e-04,,1.153440e-05,,1.600000e+308,,4.531200e-06,
26,,2.500032e-04,,1.160160e-05,,1.600000e+308,,4.545600e-06,
27,,2.500080e-04,,1.165440e-05,,1.600000e+308,,4.526400e-06,
28,,2.499840e-04,,1.159680e-05,,1.600000e+308,,4.536000e-06,
29,,2.499984e-04,,1.176960e-05,,1.600000e+308,,4.564800e-06,
30,,2.500032e-04,,1.165440e-05,,1.600000e+308,,4.540800e-06,
31,,1.710096e-04,,1.172640e-05,,1.600000e+308,,5.251200e-06,
32,,2.499888e-04,,1.163520e-05,,1.600000e+308,,4.555200e-06,
33,,2.500080e-04,,1.145760e-05,,1.600000e+308,,4.516800e-06,
34,,2.499840e-04,,1.175040e-05,,1.600000e+308,,4.545600e-06,
35,,2.499888e-04,,1.152960e-05,,1.600000e+308,,4.512000e-06,
36,,2.499888e-04,,1.014720e-05,,5.000352e-04,,3.449904e-04,
37,,2.500032e-04,,1.154880e-05,,1.600000e+308,,4.022400e-06,
38,,2.499888e-04,,1.161120e-05,,1.600000e+308,,5.352000e-06,
39,,2.499888e-04,,1.174080e-05,,1.600000e+308,,5.284800e-06,
40,,2.499696e-04,,1.165440e-05,,1.600000e+308,,5.352000e-06,
41,,2.500080e-04,,1.019520e-05,,5.000448e-04,,3.463536e-04,
42,,1.711056e-04,,1.167360e-05,,1.600000e+308,,5.265600e-06,
43,,1.710528e-04,,1.162080e-05,,1.600000e+308,,5.318400e-06,
44,,1.710432e-04,,1.162560e-05,,1.600000e+308,,5.328000e-06,
45,,1.710288e-04,,1.152480e-05,,1.600000e+308,,5.366400e-06,
46,,2.499840e-04,,1.152960e-05,,4.999728e-04,,1.571520e-05,
47,,2.500080e-04,,1.156320e-05,,1.600000e+308,,4.056000e-06,
48,,1.710528e-04,,1.176480e-05,,1.600000e+308,,5.332800e-06,
49,,1.710048e-04,,1.169760e-05,,1.600000e+308,,5.347200e-06,
50,,1.709664e-04,,1.155360e-05,,1.600000e+308,,5.308800e-06,
51,,1.709856e-04,,1.152000e-05,,1.600000e+308,,5.318400e-06,
52,,1.710864e-04,,1.161600e-05,,1.600000e+308,,5.356800e-06,
53,,1.710288e-04,,1.138080e-05,,1.600000e+308,,5.352000e-06,
54,,1.710528e-04,,1.162080e-05,,1.600000e+308,,5.318400e-06,
55,,1.710096e-04,,1.153920e-05,,1.600000e+308,,5.308800e-06,
56,,1.710000e-04,,1.160160e-05,,1.600000e+308,,5.308800e-06,
57,,2.499936e-04,,1.151040e-05,,1.600000e+308,,4.065600e-06,
58,,1.710576e-04,,1.158720e-05,,1.600000e+308,,5.332800e-06,
59,,1.710000e-04,,1.175040e-05,,1.600000e+308,,5.270400e-06,
60,,2.499888e-04,,1.021920e-05,,4.999152e-04,,1.559040e-05,
61,,2.499696e-04,,1.012800e-05,,5.000160e-04,,1.579200e-05,
62,,1.710720e-04,,1.175040e-05,,1.600000e+308,,5.323200e-06,
63,,2.500320e-04,,1.029600e-05,,4.999872e-04,,1.559520e-05,
64,,1.710816e-04,,1.140000e-05,,1.600000e+308,,5.371200e-06,
65,,1.711056e-04,,1.161120e-05,,1.600000e+308,,5.294400e-06,
66,,1.711008e-04,,1.149600e-05,,1.600000e+308,,5.265600e-06,
67,,1.710192e-04,,1.162560e-05,,1.600000e+308,,5.318400e-06,
68,,2.500272e-04,,1.022400e-05,,4.999872e-04,,3.464064e-04,
69,,1.710096e-04,,1.177440e-05,,1.600000e+308,,5.284800e-06,
70,,1.710624e-04,,1.155360e-05,,1.600000e+308,,5.356800e-06,
71,,2.500032e-04,,1.177920e-05,,1.600000e+308,,4.507200e-06,
72,,1.710288e-04,,1.147200e-05,,1.600000e+308,,5.313600e-06,
73,,1.709568e-04,,1.158720e-05,,1.600000e+308,,5.289600e-06,
74,,2.500320e-04,,1.153920e-05,,5.000208e-04,,1.584960e-05,
75,,2.500032e-04,,1.158240e-05,,1.600000e+308,,5.294400e-06,
76,,1.710528e-04,,1.164480e-05,,1.600000e+308,,5.308800e-06,
77,,2.500320e-04,,1.174560e-05,,1.600000e+308,,5.356800e-06,
78,,1.711008e-04,,1.174080e-05,,1.600000e+308,,5.313600e-06,
79,,1.710192e-04,,1.165920e-05,,1.600000e+308,,5.356800e-06,
80,,1.711536e-04,,1.151520e-05,,1.600000e+308,,5.332800e-06,
81,,1.710240e-04,,1.149600e-05,,1.600000e+308,,5.342400e-06,
82,,1.710048e-04,,1.176960e-05,,1.600000e+308,,5.352000e-06,
83,,2.500032e-04,,1.031040e-05,,4.999632e-04,,1.781760e-05,
84,,1.709904e-04,,1.135200e-05,,1.600000e+308,,5.313600e-06,
85,,2.499936e-04,,1.019040e-05,,4.999968e-04,,4.555200e-06,
86,,2.499936e-04,,1.020000e-05,,5.000400e-04,,1.799040e-05,
87,,1.711488e-04,,1.170720e-05,,1.600000e+308,,5.356800e-06,
88,,2.500176e-04,,1.021920e-05,,5.000352e-04,,1.802400e-05,
89,,2.499936e-04,,1.015680e-05,,5.000016e-04,,1.579200e-05,
90,,2.500032e-04,,1.025280e-05,,4.999440e-04,,1.800960e-05,
91,,2.500224e-04,,1.021440e-05,,5.000736e-04,,1.561440e-05,
92,,1.711488e-04,,1.135680e-05,,1.600000e+308,,5.332800e-06,
93,,2.500128e-04,,1.165920e-05,,1.600000e+308,,5.280000e-06,
94,,2.499888e-04,,1.173120e-05,,1.600000e+308,,5.270400e-06,
95,,2.500560e-04,,1.173120e-05,,4.999824e-04,,1.582560e-05,
96,,1.709712e-04,,1.146240e-05,,1.600000e+308,,5.347200e-06,
97,,2.499936e-04,,1.170720e-05,,1.600000e+308,,4.574400e-06,
98,,2.500272e-04,,1.176960e-05,,1.600000e+308,,3.993600e-06,
99,,2.500224e-04,,1.178400e-05,,1.600000e+308,,4.550400e-06,
100,,2.499840e-04,,1.024800e-05,,5.000256e-04,,4.531200e-06,
101,,1.710048e-04,,1.165440e-05,,1.600000e+308,,5.342400e-06,
102,,2.499936e-04,,1.170720e-05,,1.600000e+308,,4.545600e-06,
103,,2.500032e-04,,1.156320e-05,,1.600000e+308,,4.545600e-06,
104,,1.711296e-04,,1.177440e-05,,1.600000e+308,,5.275200e-06,
105,,1.710384e-04,,1.145760e-05,,1.600000e+308,,5.356800e-06,
106,,2.500080e-04,,1.170240e-05,,1.600000e+308,,4.574400e-06,
107,,2.499984e-04,,1.140480e-05,,4.999824e-04,,4.555200e-06,
108,,1.710768e-04,,1.178880e-05,,1.600000e+308,,5.323200e-06,
109,,2.499984e-04,,1.169280e-05,,1.600000e+308,,4.502400e-06,
110,,2.499936e-04,,1.149600e-05,,5.000160e-04,,4.536000e-06,
111,,1.710912e-04,,1.143360e-05,,1.600000e+308,,5.323200e-06,
112,,2.499936e-04,,1.160160e-05,,1.600000e+308,,5.328000e-06,
113,,1.710480e-04,,1.158720e-05,,1.600000e+308,,5.342400e-06,
114,,2.500176e-04,,1.023360e-05,,4.999920e-04,,4.564800e-06,
115,,2.499936e-04,,1.022880e-05,,5.000304e-04,,4.550400e-06,
116,,2.499984e-04,,1.027680e-05,,5.000640e-04,,4.555200e-06,
117,,1.709232e-04,,1.170240e-05,,1.600000e+308,,5.323200e-06,
118,,1.709712e-04,,1.143840e-05,,1.600000e+308,,5.260800e-06,
119,,2.499984e-04,,1.021920e-05,,4.999776e-04,,4.564800e-06,
120,,2.500080e-04,,1.154400e-05,,1.600000e+308,,4.526400e-06,
121,,2.500224e-04,,1.015680e-05,,4.999728e-04,,3.467184e-04,
122,,2.500032e-04,,1.023360e-05,,5.000064e-04,,1.831200e-05,
123,,2.500080e-04,,1.029600e-05,,4.999968e-04,,1.824480e-05,
124,,2.500032e-04,,1.028160e-05,,5.000112e-04,,1.799520e-05,
125,,2.500032e-04,,1.027680e-05,,4.999968e-04,,4.560000e-06,
126,,2.499984e-04,,1.018560e-05,,4.999968e-04,,3.407088e-04,
127,,2.499840e-04,,1.020480e-05,,5.000208e-04,,3.406272e-04,
128,,2.499792e-04,,1.018080e-05,,4.999968e-04,,3.407232e-04,
129,,2.500080e-04,,1.008960e-05,,5.000640e-04,,3.409056e-04,
130,,2.500176e-04,,1.017120e-05,,4.999632e-04,,3.461424e-04,
131,,2.500080e-04,,1.020480e-05,,4.999584e-04,,3.460992e-04,
132,,2.499936e-04,,1.029120e-05,,5.000304e-04,,3.469104e-04,
133,,2.500368e-04,,1.021440e-05,,4.999536e-04,,1.596480e-05,
134,,2.499936e-04,,1.009920e-05,,5.000016e-04,,4.569600e-06,
135,,2.499792e-04,,1.164000e-05,,5.000640e-04,,1.597440e-05,
136,,2.500032e-04,,1.024800e-05,,4.999824e-04,,4.574400e-06,
137,,2.499936e-04,,1.018080e-05,,4.999920e-04,,3.406416e-04,
138,,2.500080e-04,,1.157280e-05,,5.000496e-04,,4.555200e-06,
139,,3.290544e-04,,1.031040e-05,,4.999536e-04,,3.469728e-04,
140,,3.290640e-04,,1.025280e-05,,5.000304e-04,,3.470112e-04,
141,,2.499984e-04,,1.014720e-05,,4.999920e-04,,3.462528e-04,
142,,1.710864e-04,,1.163040e-05,,1.600000e+308,,5.294400e-06,
143,,2.500656e-04,,1.021440e-05,,4.999872e-04,,3.466128e-04,
144,,3.290880e-04,,1.019520e-05,,4.999872e-04,,3.473808e-04,
145,,2.499936e-04,,1.147200e-05,,1.600000e+308,,5.332800e-06,
146,,1.710720e-04,,1.144320e-05,,1.600000e+308,,5.280000e-06,
147,,2.500080e-04,,1.027680e-05,,4.999920e-04,,1.595520e-05,
148,,2.499264e-04,,1.149600e-05,,1.600000e+308,,1.600000e+308,
149,,2.500032e-04,,1.018080e-05,,5.000928e-04,,1.596000e-05,
150,,2.499984e-04,,1.030080e-05,,5.000448e-04,,1.579680e-05,
151,,3.290496e-04,,1.019520e-05,,4.998912e-04,,3.464592e-04,
152,,2.500224e-04,,1.030080e-05,,4.999536e-04,,1.590720e-05,
153,,2.499840e-04,,1.174080e-05,,1.600000e+308,,4.099200e-06,
154,,2.500272e-04,,1.023840e-05,,5.000112e-04,,1.576320e-05,
155,,2.499984e-04,,1.160640e-05,,1.600000e+308,,4.531200e-06,
156,,1.710384e-04,,1.176960e-05,,1.600000e+308,,5.284800e-06,
157,,2.499744e-04,,1.018080e-05,,5.000496e-04,,1.582080e-05,
158,,1.710912e-04,,1.128480e-05,,1.600000e+308,,5.313600e-06,
159,,2.500032e-04,,1.027200e-05,,4.999728e-04,,1.565280e-05,
160,,1.710432e-04,,1.173120e-05,,1.600000e+308,,5.294400e-06,
161,,1.710384e-04,,1.151040e-05,,1.600000e+308,,5.347200e-06,
162,,1.710432e-04,,1.146240e-05,,1.600000e+308,,5.299200e-06,
163,,2.500080e-04,,1.167360e-05,,1.600000e+308,,4.560000e-06,
164,,2.500080e-04,,1.143840e-05,,1.600000e+308,,4.550400e-06,
165,,2.500080e-04,,1.160640e-05,,1.600000e+308,,4.579200e-06,
166,,2.500032e-04,,1.146720e-05,,1.600000e+308,,4.478400e-06,
167,,2.499792e-04,,1.173120e-05,,1.600000e+308,,4.564800e-06,
168,,2.500128e-04,,1.188480e-05,,1.600000e+308,,4.536000e-06,
169,,2.500032e-04,,1.185600e-05,,1.600000e+308,,4.550400e-06,
170,,2.499840e-04,,1.158240e-05,,1.600000e+308,,4.521600e-06,
171,,2.499936e-04,,1.148640e-05,,1.600000e+308,,4.536000e-06,
172,,2.500032e-04,,1.177440e-05,,1.600000e+308,,4.564800e-06,
173,,2.500032e-04,,1.197120e-05,,1.600000e+308,,4.536000e-06,
174,,2.500032e-04,,1.152960e-05,,1.600000e+308,,4.579200e-06,
175,,2.500080e-04,,1.154880e-05,,1.600000e+308,,4.560000e-06,
176,,2.499840e-04,,1.186560e-05,,1.600000e+308,,4.502400e-06,
177,,2.499648e-04,,1.161600e-05,,1.600000e+308,,4.526400e-06,
178,,2.499936e-04,,1.152480e-05,,1.600000e+308,,4.550400e-06,
179,,2.500080e-04,,1.172160e-05,,1.600000e+308,,4.536000e-06,
180,,2.499936e-04,,1.161600e-05,,1.600000e+308,,4.550400e-06,
181,,2.499840e-04,,1.161120e-05,,1.600000e+308,,4.555200e-06,
182,,2.500080e-04,,1.153920e-05,,1.600000e+308,,4.531200e-06,
183,,2.499792e-04,,1.149600e-05,,1.600000e+308,,4.550400e-06,
184,,2.499984e-04,,1.151040e-05,,1.600000e+308,,4.545600e-06,
185,,2.500080e-04,,1.181760e-05,,1.600000e+308,,4.507200e-06,
186,,2.500032e-04,,1.152480e-05,,1.600000e+308,,4.526400e-06,
187,,2.499984e-04,,1.154400e-05,,1.600000e+308,,4.536000e-06,
188,,2.499984e-04,,1.146240e-05,,1.600000e+308,,4.564800e-06,
189,,2.500080e-04,,1.164000e-05,,1.600000e+308,,4.531200e-06,
190,,2.500080e-04,,1.156800e-05,,1.600000e+308,,4.526400e-06,
191,,2.499840e-04,,1.176000e-05,,1.600000e+308,,4.569600e-06,
192,,2.500032e-04,,1.159200e-05,,1.600000e+308,,4.521600e-06,
193,,2.500080e-04,,1.149120e-05,,1.600000e+308,,4.488000e-06,
194,,2.500080e-04,,1.152960e-05,,1.600000e+308,,4.545600e-06,
195,,2.500080e-04,,1.164960e-05,,1.600000e+308,,4.584000e-06,
196,,2.500080e-04,,1.135200e-05,,1.600000e+308,,4.540800e-06,
197,,2.499936e-04,,1.155360e-05,,1.600000e+308,,4.526400e-06,
198,,2.500176e-04,,1.164480e-05,,1.600000e+308,,4.564800e-06,
199,,2.500080e-04,,1.172640e-05,,1.600000e+308,,4.507200e-06,
200,,2.499936e-04,,1.176480e-05,,1.600000e+308,,4.545600e-06,
201,,2.499840e-04,,1.154880e-05,,1.600000e+308,,4.545600e-06,
202,,2.499936e-04,,1.168800e-05,,1.600000e+308,,4.516800e-06,
203,,2.500032e-04,,1.183200e-05,,1.600000e+308,,4.536000e-06,
204,,2.500080e-04,,1.167360e-05,,1.600000e+308,,4.531200e-06,
205,,2.499984e-04,,1.173120e-05,,1.600000e+308,,4.492800e-06,
206,,2.499984e-04,,1.142400e-05,,1.600000e+308,,4.512000e-06,
207,,2.500080e-04,,1.156320e-05,,1.600000e+308,,4.512000e-06,
208,,2.499888e-04,,1.160640e-05,,1.600000e+308,,4.560000e-06,
209,,2.500032e-04,,1.159680e-05,,1.600000e+308,,4.555200e-06,
210,,2.500128e-04,,1.146240e-05,,1.600000e+308,,4.540800e-06,
211,,2.499888e-04,,1.158240e-05,,1.600000e+308,,4.550400e-06,
212,,2.499936e-04,,1.174080e-05,,1.600000e+308,,4.540800e-06,
213,,2.500080e-04,,1.152480e-05,,1.600000e+308,,4.545600e-06,
214,,2.499936e-04,,1.173600e-05,,1.600000e+308,,4.536000e-06,
215,,2.499984e-04,,1.170240e-05,,1.600000e+308,,4.531200e-06,
216,,2.499984e-04,,1.160640e-05,,1.600000e+308,,4.516800e-06,
217,,2.500032e-04,,1.176000e-05,,1.600000e+308,,4.550400e-06,
218,,2.499936e-04,,1.144320e-05,,1.600000e+308,,4.550400e-06,
219,,2.500080e-04,,1.188000e-05,,1.600000e+308,,4.531200e-06,
220,,2.500080e-04,,1.156800e-05,,1.600000e+308,,4.521600e-06,
221,,2.500224e-04,,1.165920e-05,,1.600000e+308,,4.560000e-06,
222,,2.500176e-04,,1.153920e-05,,1.600000e+308,,4.569600e-06,
223,,2.500080e-04,,1.160160e-05,,1.600000e+308,,4.512000e-06,
224,,2.499840e-04,,1.162080e-05,,1.600000e+308,,4.545600e-06,
225,,2.500128e-04,,1.189920e-05,,1.600000e+308,,4.545600e-06,
226,,2.499888e-04,,1.140000e-05,,1.600000e+308,,4.569600e-06,
227,,2.500080e-04,,1.149600e-05,,1.600000e+308,,4.584000e-06,
228,,2.499984e-04,,1.164480e-05,,1.600000e+308,,4.536000e-06,
229,,2.499984e-04,,1.147680e-05,,1.600000e+308,,4.531200e-06,
230,,2.499984e-04,,1.186080e-05,,1.600000e+308,,4.531200e-06,
231,,2.499792e-04,,1.164000e-05,,1.600000e+308,,4.555200e-06,
232,,2.499888e-04,,1.166880e-05,,1.600000e+308,,4.516800e-06,
233,,2.500032e-04,,1.156320e-05,,1.600000e+308,,4.564800e-06,
234,,2.500032e-04,,1.163040e-05,,1.600000e+308,,4.564800e-06,
235,,2.499936e-04,,1.165920e-05,,1.600000e+308,,4.507200e-06,
236,,2.500032e-04,,1.167360e-05,,1.600000e+308,,4.555200e-06,
237,,2.499840e-04,,1.164480e-05,,1.600000e+308,,4.550400e-06,
238,,2.499936e-04,,1.180800e-05,,1.600000e+308,,4.502400e-06,
239,,2.500080e-04,,1.170240e-05,,1.600000e+308,,4.555200e-06,
240,,2.499984e-04,,1.163040e-05,,1.600000e+308,,4.536000e-06,
241,,2.500032e-04,,1.167360e-05,,1.600000e+308,,4.540800e-06,
242,,2.500176e-04,,1.168320e-05,,1.600000e+308,,4.564800e-06,
243,,2.500080e-04,,1.162560e-05,,1.600000e+308,,4.507200e-06,
244,,2.500032e-04,,1.142400e-05,,1.600000e+308,,4.507200e-06,
245,,2.500080e-04,,1.151040e-05,,1.600000e+308,,4.550400e-06,
246,,2.499840e-04,,1.164480e-05,,1.600000e+308,,4.521600e-06,
247,,2.499984e-04,,1.163520e-05,,1.600000e+308,,4.531200e-06,
248,,2.499984e-04,,1.145280e-05,,1.600000e+308,,4.574400e-06,
249,,2.500080e-04,,1.148640e-05,,1.600000e+308,,4.555200e-06,
250,,2.500128e-04,,1.157760e-05,,1.600000e+308,,4.507200e-06,
251,,2.499936e-04,,1.132320e-05,,1.600000e+308,,4.569600e-06,
252,,2.500080e-04,,1.166400e-05,,1.600000e+308,,4.512000e-06,
253,,2.499984e-04,,1.158720e-05,,1.600000e+308,,4.540800e-06,
254,,2.499984e-04,,1.163520e-05,,1.600000e+308,,4.497600e-06,
255,,2.499888e-04,,1.158720e-05,,1.600000e+308,,4.531200e-06,
256,,2.500080e-04,,1.144800e-05,,1.600000e+308,,4.574400e-06,
257,,2.500080e-04,,1.160160e-05,,1.600000e+308,,4.555200e-06,
258,,2.499984e-04,,1.181760e-05,,1.600000e+308,,4.555200e-06,
259,,2.499840e-04,,1.149120e-05,,1.600000e+308,,4.540800e-06,
260,,2.500176e-04,,1.159680e-05,,1.600000e+308,,4.507200e-06,
261,,2.499936e-04,,1.148160e-05,,1.600000e+308,,4.555200e-06,
262,,2.499936e-04,,1.155840e-05,,1.600000e+308,,4.459200e-06,
263,,2.500080e-04,,1.159200e-05,,1.600000e+308,,4.560000e-06,
264,,2.500080e-04,,1.168320e-05,,1.600000e+308,,4.545600e-06,
265,,2.499936e-04,,1.137600e-05,,1.600000e+308,,4.564800e-06,
266,,2.500080e-04,,1.136160e-05,,1.600000e+308,,4.536000e-06,
267,,2.499936e-04,,1.166880e-05,,1.600000e+308,,4.536000e-06,
268,,2.499984e-04,,1.134720e-05,,1.600000e+308,,4.555200e-06,
269,,2.500032e-04,,1.154880e-05,,1.600000e+308,,4.550400e-06,
270,,2.500080e-04,,1.146720e-05,,1.600000e+308,,4.531200e-06,
271,,2.500080e-04,,1.155360e-05,,1.600000e+308,,4.536000e-06,
272,,2.499984e-04,,1.157760e-05,,1.600000e+308,,4.478400e-06,
273,,2.499792e-04,,1.186080e-05,,1.600000e+308,,4.540800e-06,
274,,1.600000e+308,,1.600000e+308,,1.600000e+308,,1.600000e+308,
275,,1.600000e+308,,1.600000e+308,,1.600000e+308,,1.600000e+308,
276,,1.600000e+308,,1.600000e+308,,1.600000e+308,,1.600000e+308,
277,,1.600000e+308,,1.600000e+308,,1.600000e+308,,1.600000e+308,
278,,1.600000e+308,,1.600000e+308,,1.600000e+308,,1.600000e+308,
279,,1.600000e+308,,1.600000e+308,,1.600000e+308,,1.600000e+308,
280,,1.600000e+308,,1.600000e+308,,1.600000e+308,,1.600000e+308,
281,,1.600000e+308,,1.600000e+308,,1.600000e+308,,1.600000e+308,
282,,1.600000e+308,,1.600000e+308,,1.600000e+308,,1.600000e+308,
283,,1.600000e+308,,1.600000e+308,,1.600000e+308,,1.600000e+308,
284,,1.600000e+308,,1.600000e+308,,1.600000e+308,,1.600000e+308,
285,,1.600000e+308,,1.600000e+308,,1.600000e+308,,1.600000e+308,
286,,1.600000e+308,,1.600000e+308,,1.600000e+308,,1.600000e+308,
287,,1.600000e+308,,1.600000e+308,,1.600000e+308,,1.600000e+308,
288,,1.600000e+308,,1.600000e+308,,1.600000e+308,,1.600000e+308,
289,,1.600000e+308,,1.600000e+308,,1.600000e+308,,1.600000e+308,
290,,1.600000e+308,,1.600000e+308,,1.600000e+308,,1.600000e+308,
291,,1.600000e+308,,1.600000e+308,,1.600000e+308,,1.600000e+308,
292,,1.600000e+308,,1.600000e+308,,1.600000e+308,,1.600000e+308,
293,,1.600000e+308,,1.600000e+308,,1.600000e+308,,1.600000e+308,
294,,1.600000e+308,,1.600000e+308,,1.600000e+308,,1.600000e+308,
295,,1.600000e+308,,1.600000e+308,,1.600000e+308,,1.600000e+308,
296,,1.600000e+308,,1.600000e+308,,1.600000e+308,,1.600000e+308,
297,,1.600000e+308,,1.600000e+308,,1.600000e+308,,1.600000e+308,
298,,1.600000e+308,,1.600000e+308,,1.600000e+308,,1.600000e+308,
299,,1.600000e+308,,1.600000e+308,,1.600000e+308,,1.600000e+308,
300,,1.600000e+308,,1.600000e+308,,1.600000e+308,,1.600000e+308,
301,,1.600000e+308,,1.600000e+308,,1.600000e+308,,1.600000e+308,
302,,1.600000e+308,,1.600000e+308,,1.600000e+308,,1.600000e+308,
303,,1.600000e+308,,1.600000e+308,,1.600000e+308,,1.600000e+308,
304,,1.600000e+308,,1.600000e+308,,1.600000e+308,,1.600000e+308,
305,,1.600000e+308,,1.600000e+308,,1.600000e+308,,1.600000e+308,
306,,1.600000e+308,,1.600000e+308,,1.600000e+308,,1.600000e+308,
307,,1.600000e+308,,1.600000e+308,,1.600000e+308,,1.600000e+308,
308,,1.600000e+308,,1.600000e+308,,1.600000e+308,,1.600000e+308,
309,,1.600000e+308,,1.600000e+308,,1.600000e+308,,1.600000e+308,
310,,1.600000e+308,,1.600000e+308,,1.600000e+308,,1.600000e+308,
311,,1.600000e+308,,1.600000e+308,,1.600000e+308,,1.600000e+308,
312,,1.600000e+308,,1.600000e+308,,1.600000e+308,,1.600000e+308,
313,,1.600000e+308,,1.600000e+308,,1.600000e+308,,1.600000e+308,
314,,1.600000e+308,,1.600000e+308,,1.600000e+308,,1.600000e+308,
315,,1.600000e+308,,1.600000e+308,,1.600000e+308,,1.600000e+308,
316,,1.600000e+308,,1.600000e+308,,1.600000e+308,,1.600000e+308,
317,,1.600000e+308,,1.600000e+308,,1.600000e+308,,1.600000e+308,
318,,1.600000e+308,,1.600000e+308,,1.600000e+308,,1.600000e+308,
319,,1.600000e+308,,1.600000e+308,,1.600000e+308,,1.600000e+308,
320,,1.600000e+308,,1.600000e+308,,1.600000e+308,,1.600000e+308,
321,,1.600000e+308,,1.600000e+308,,1.600000e+308,,1.600000e+308,
322,,1.600000e+308,,1.600000e+308,,1.600000e+308,,1.600000e+308,
323,,1.600000e+308,,1.600000e+308,,1.600000e+308,,1.600000e+308,
324,,1.600000e+308,,1.600000e+308,,1.600000e+308,,1.600000e+308,
325,,1.600000e+308,,1.600000e+308,,1.600000e+308,,1.600000e+308,
326,,1.600000e+308,,1.600000e+308,,1.600000e+308,,1.600000e+308,
327,,1.600000e+308,,1.600000e+308,,1.600000e+308,,1.600000e+308,
328,,1.600000e+308,,1.600000e+308,,1.600000e+308,,1.600000e+308,
329,,1.600000e+308,,1.600000e+308,,1.600000e+308,,1.600000e+308,
330,,1.600000e+308,,1.600000e+308,,1.600000e+308,,1.600000e+308,
331,,1.600000e+308,,1.600000e+308,,1.600000e+308,,1.600000e+308,
332,,1.600000e+308,,1.600000e+308,,1.600000e+308,,1.600000e+308,
333,,1.600000e+308,,1.600000e+308,,1.600000e+308,,1.600000e+308,
334,,1.600000e+308,,1.600000e+308,,1.600000e+308,,1.600000e+308,
335,,1.600000e+308,,1.600000e+308,,1.600000e+308,,1.600000e+308,
336,,1.600000e+308,,1.600000e+308,,1.600000e+308,,1.600000e+308,
337,,1.600000e+308,,1.600000e+308,,1.600000e+308,,1.600000e+308,
338,,1.600000e+308,,1.600000e+308,,1.600000e+308,,1.600000e+308,
339,,1.600000e+308,,1.600000e+308,,1.600000e+308,,1.600000e+308,
340,,1.600000e+308,,1.600000e+308,,1.600000e+308,,1.600000e+308,
341,,1.600000e+308,,1.600000e+308,,1.600000e+308,,1.600000e+308,
342,,1.600000e+308,,1.600000e+308,,1.600000e+308,,1.600000e+308,
343,,1.600000e+308,,1.600000e+308,,1.600000e+308,,1.600000e+308,
344,,1.600000e+308,,1.600000e+308,,1.600000e+308,,1.600000e+308,
345,,1.600000e+308,,1.600000e+308,,1.600000e+308,,1.600000e+308,
346,,1.600000e+308,,1.600000e+308,,1.600000e+308,,1.600000e+308,
347,,1.600000e+308,,1.600000e+308,,1.600000e+308,,1.600000e+308,
348,,1.600000e+308,,1.600000e+308,,1.600000e+308,,1.600000e+308,
349,,1.600000e+308,,1.600000e+308,,1.600000e+308,,1.600000e+308,
350,,1.600000e+308,,1.600000e+308,,1.600000e+308,,1.600000e+308,
351,,4.999296e-04,,1.600000e+308,,1.600000e+308,,4.230720e-05,
352,,5.417760e-05,,1.600000e+308,,1.600000e+308,,4.216800e-05,
353,,1.600000e+308,,1.600000e+308,,1.600000e+308,,4.241760e-05,
354,,5.409120e-05,,1.600000e+308,,1.600000e+308,,4.240320e-05,
355,,5.422080e-05,,1.600000e+308,,1.600000e+308,,4.242720e-05,
356,,5.412960e-05,,1.600000e+308,,1.600000e+308,,4.239360e-05,
357,,1.600000e+308,,1.600000e+308,,1.600000e+308,,4.237440e-05,
358,,5.417760e-05,,1.600000e+308,,1.600000e+308,,4.231680e-05,
359,,5.408160e-05,,1.600000e+308,,1.600000e+308,,4.231680e-05,
360,,5.425440e-05,,1.600000e+308,,1.600000e+308,,4.230720e-05,
361,,1.600000e+308,,1.600000e+308,,1.600000e+308,,4.241280e-05,
362,,2.499744e-04,,1.600000e+308,,1.600000e+308,,4.231680e-05,
363,,2.499840e-04,,1.600000e+308,,1.600000e+308,,4.231200e-05,
364,,5.415840e-05,,1.600000e+308,,1.600000e+308,,4.248960e-05,
365,,5.000112e-04,,1.600000e+308,,1.600000e+308,,4.235520e-05,
366,,5.410560e-05,,1.600000e+308,,1.600000e+308,,4.238880e-05,
367,,5.411520e-05,,1.600000e+308,,1.600000e+308,,4.230720e-05,
368,,1.600000e+308,,1.600000e+308,,1.600000e+308,,4.231680e-05,
369,,1.600000e+308,,1.600000e+308,,1.600000e+308,,4.248000e-05,
370,,1.600000e+308,,1.600000e+308,,1.600000e+308,,4.235040e-05,
371,,1.846896e-04,,1.600000e+308,,1.600000e+308,,4.242240e-05,
372,,2.500848e-04,,1.600000e+308,,1.600000e+308,,4.230720e-05,
373,,4.999584e-04,,1.600000e+308,,1.600000e+308,,4.229760e-05,
374,,2.500080e-04,,1.600000e+308,,1.600000e+308,,4.224960e-05,
375,,2.500704e-04,,1.600000e+308,,1.600000e+308,,4.233600e-05,
376,,2.500080e-04,,1.600000e+308,,1.600000e+308,,4.243200e-05,
377,,2.500272e-04,,1.600000e+308,,1.600000e+308,,4.235040e-05,
378,,5.401920e-05,,1.600000e+308,,1.600000e+308,,4.236960e-05,
379,,2.500176e-04,,1.600000e+308,,1.600000e+308,,4.235520e-05,
380,,2.500032e-04,,1.600000e+308,,1.600000e+308,,4.242240e-05,
381,,5.000928e-04,,1.600000e+308,,1.600000e+308,,4.231680e-05,
382,,5.000016e-04,,1.600000e+308,,1.600000e+308,,4.225440e-05,
383,,1.847040e-04,,1.600000e+308,,1.600000e+308,,4.231680e-05,
384,,1.600000e+308,,5.332800e-06,,1.710768e-04,,4.233120e-05,
385,,5.400960e-05,,5.289600e-06,,1.710192e-04,,4.228800e-05,
386,,5.423520e-05,,5.275200e-06,,1.710816e-04,,4.229760e-05,
387,,5.423040e-05,,5.352000e-06,,1.710384e-04,,4.241760e-05,
388,,1.600000e+308,,5.328000e-06,,1.710384e-04,,4.224960e-05,
389,,5.418720e-05,,5.323200e-06,,1.709472e-04,,4.238400e-05,
390,,5.406720e-05,,5.289600e-06,,1.710432e-04,,4.221120e-05,
391,,5.409120e-05,,5.323200e-06,,1.710576e-04,,4.235040e-05,
392,,5.413440e-05,,5.352000e-06,,1.710960e-04,,4.239840e-05,
393,,5.416800e-05,,5.380800e-06,,1.710720e-04,,4.233600e-05,
394,,5.406240e-05,,5.371200e-06,,1.709424e-04,,4.245600e-05,
395,,1.600000e+308,,5.328000e-06,,1.710576e-04,,4.237920e-05,
396,,5.403840e-05,,5.323200e-06,,1.710336e-04,,4.235040e-05,
397,,1.600000e+308,,5.337600e-06,,1.709616e-04,,4.236960e-05,
398,,5.393280e-05,,5.366400e-06,,1.709952e-04,,4.226400e-05,
399,,1.600000e+308,,5.328000e-06,,1.711008e-04,,4.240320e-05,
400,,5.410560e-05,,5.352000e-06,,1.711488e-04,,4.225920e-05,
401,,5.433120e-05,,5.308800e-06,,1.710288e-04,,4.236960e-05,
402,,5.414880e-05,,5.294400e-06,,1.711296e-04,,4.244160e-05,
403,,1.600000e+308,,5.280000e-06,,1.710000e-04,,4.229280e-05,
404,,1.600000e+308,,5.347200e-06,,1.711200e-04,,4.237920e-05,
405,,5.413440e-05,,5.376000e-06,,1.710192e-04,,4.236960e-05,
406,,1.600000e+308,,5.356800e-06,,1.709808e-04,,4.238400e-05,
407,,1.600000e+308,,5.342400e-06,,1.710624e-04,,4.226880e-05,
408,,1.600000e+308,,5.347200e-06,,1.709856e-04,,4.225440e-05,
409,,1.600000e+308,,5.337600e-06,,1.710240e-04,,4.216320e-05,
410,,5.409600e-05,,5.328000e-06,,1.711440e-04,,4.241760e-05,
411,,5.406720e-05,,5.337600e-06,,1.710480e-04,,4.223520e-05,
412,,5.409600e-05,,5.323200e-06,,1.711248e-04,,4.237440e-05,
413,,5.411520e-05,,5.241600e-06,,1.711008e-04,,4.226880e-05,
414,,5.417280e-05,,5.342400e-06,,1.710240e-04,,4.223040e-05,
415,,1.600000e+308,,5.332800e-06,,1.710528e-04,,4.227360e-05,
416,,1.600000e+308,,5.289600e-06,,1.710576e-04,,4.239840e-05,
417,,1.600000e+308,,5.366400e-06,,1.710960e-04,,4.224960e-05,
418,,5.423520e-05,,5.356800e-06,,1.710768e-04,,4.236480e-05,
419,,5.416320e-05,,5.304000e-06,,1.710144e-04,,4.226880e-05,
420,,5.418240e-05,,5.337600e-06,,1.710432e-04,,4.232640e-05,
421,,1.600000e+308,,5.294400e-06,,1.710480e-04,,4.227840e-05,
422,,5.416320e-05,,5.270400e-06,,1.710528e-04,,4.224480e-05,
423,,5.412000e-05,,5.332800e-06,,1.710624e-04,,4.232640e-05,
424,,1.600000e+308,,5.304000e-06,,1.710240e-04,,4.239840e-05,
425,,1.600000e+308,,5.352000e-06,,1.710720e-04,,4.237440e-05,
426,,1.600000e+308,,5.318400e-06,,1.711104e-04,,4.241280e-05,
427,,1.600000e+308,,5.308800e-06,,1.710192e-04,,4.237440e-05,
428,,5.405280e-05,,5.270400e-06,,1.710240e-04,,4.227840e-05,
429,,5.412000e-05,,5.318400e-06,,1.710336e-04,,4.227840e-05,
430,,5.415840e-05,,5.318400e-06,,1.710480e-04,,4.231680e-05,
431,,5.419200e-05,,5.241600e-06,,1.709376e-04,,4.232640e-05,
432,,5.403840e-05,,5.323200e-06,,1.710240e-04,,4.242720e-05,
433,,5.410080e-05,,5.318400e-06,,1.711056e-04,,4.244160e-05,
434,,5.413440e-05,,5.270400e-06,,1.710672e-04,,4.233600e-05,
435,,1.600000e+308,,5.371200e-06,,1.711152e-04,,4.244640e-05,
436,,5.412000e-05,,5.323200e-06,,1.709952e-04,,4.227840e-05,
437,,5.406720e-05,,5.294400e-06,,1.710144e-04,,4.250400e-05,
438,,5.417760e-05,,5.323200e-06,,1.710912e-04,,4.235520e-05,
439,,5.416800e-05,,5.323200e-06,,1.710000e-04,,4.236960e-05,
440,,5.419200e-05,,5.304000e-06,,1.710048e-04,,4.234080e-05,
441,,1.600000e+308,,5.294400e-06,,1.711392e-04,,4.233600e-05,
442,,5.403360e-05,,5.371200e-06,,1.709712e-04,,4.243200e-05,
443,,1.600000e+308,,5.371200e-06,,1.710432e-04,,4.238880e-05,
444,,1.600000e+308,,5.323200e-06,,1.710240e-04,,4.228320e-05,
445,,1.600000e+308,,5.294400e-06,,1.709904e-04,,4.238880e-05,
446,,1.600000e+308,,5.323200e-06,,1.710096e-04,,4.226880e-05,
447,,5.406240e-05,,5.356800e-06,,1.710096e-04,,4.230240e-05,
448,,5.410560e-05,,5.371200e-06,,1.710336e-04,,4.232160e-05,
449,,5.408160e-05,,5.342400e-06,,1.710000e-04,,4.248480e-05,
450,,1.600000e+308,,5.294400e-06,,1.711248e-04,,4.232640e-05,
451,,5.412000e-05,,5.294400e-06,,1.709808e-04,,4.230720e-05,
452,,1.600000e+308,,5.337600e-06,,1.710720e-04,,4.236000e-05,
453,,5.408160e-05,,5.313600e-06,,1.710000e-04,,4.224000e-05,
454,,5.420640e-05,,5.289600e-06,,1.710864e-04,,4.232160e-05,
455,,1.600000e+308,,5.294400e-06,,1.710672e-04,,4.238880e-05,
456,,5.412960e-05,,5.289600e-06,,1.711104e-04,,4.230240e-05,
457,,1.600000e+308,,5.294400e-06,,1.710000e-04,,4.232160e-05,
458,,5.417280e-05,,5.280000e-06,,1.710000e-04,,4.235040e-05,
459,,5.409120e-05,,5.308800e-06,,1.710816e-04,,4.237920e-05,
460,,5.407680e-05,,5.337600e-06,,1.710624e-04,,4.228320e-05,
461,,5.415840e-05,,5.289600e-06,,1.711536e-04,,4.232160e-05,
462,,5.411520e-05,,5.337600e-06,,1.710432e-04,,4.235040e-05,
463,,5.414880e-05,,5.337600e-06,,1.710576e-04,,4.238880e-05,
464,,1.600000e+308,,5.328000e-06,,1.710816e-04,,4.236480e-05,
465,,1.600000e+308,,5.366400e-06,,1.711296e-04,,4.236480e-05,
466,,5.396160e-05,,5.356800e-06,,1.711008e-04,,4.226400e-05,
467,,5.411520e-05,,5.304000e-06,,1.711056e-04,,4.242240e-05,
468,,1.600000e+308,,5.347200e-06,,1.710144e-04,,4.231200e-05,
469,,5.426880e-05,,5.304000e-06,,1.709808e-04,,4.229280e-05,
470,,5.412960e-05,,5.289600e-06,,1.709952e-04,,4.245600e-05,
471,,1.600000e+308,,5.289600e-06,,1.710480e-04,,4.232640e-05,
472,,5.410560e-05,,5.294400e-06,,1.711056e-04,,4.222080e-05,
473,,5.412960e-05,,5.318400e-06,,1.711248e-04,,4.231200e-05,
474,,5.409120e-05,,5.280000e-06,,1.711152e-04,,4.233600e-05,
475,,5.424960e-05,,5.361600e-06,,1.710480e-04,,4.220160e-05,
476,,5.406720e-05,,5.284800e-06,,1.710336e-04,,4.242720e-05,
477,,5.403840e-05,,5.376000e-06,,1.710096e-04,,4.229760e-05,
478,,5.417760e-05,,5.332800e-06,,1.710528e-04,,4.234080e-05,
479,,1.600000e+308,,5.347200e-06,,1.709664e-04,,4.231680e-05,
480,,5.413440e-05,,5.356800e-06,,1.710192e-04,,4.242240e-05,
481,,5.406240e-05,,5.356800e-06,,1.710672e-04,,4.223520e-05,
482,,1.600000e+308,,5.376000e-06,,1.709712e-04,,4.231200e-05,
483,,5.418720e-05,,5.308800e-06,,1.710048e-04,,4.236480e-05,
484,,5.414880e-05,,5.337600e-06,,1.710384e-04,,4.247040e-05,
485,,5.406720e-05,,5.390400e-06,,1.710096e-04,,4.220160e-05,
486,,5.411520e-05,,5.337600e-06,,1.710864e-04,,4.237440e-05,
487,,5.409600e-05,,5.299200e-06,,1.711152e-04,,4.246080e-05,
488,,5.414880e-05,,5.361600e-06,,1.710528e-04,,4.245600e-05,
489,,5.409600e-05,,5.304000e-06,,1.710576e-04,,4.240800e-05,
490,,1.600000e+308,,5.366400e-06,,1.710816e-04,,4.240320e-05,
491,,5.395200e-05,,5.400000e-06,,1.710480e-04,,4.230240e-05,
492,,5.412000e-05,,5.323200e-06,,1.709568e-04,,4.241280e-05,
493,,5.414880e-05,,5.313600e-06,,1.710384e-04,,4.235040e-05,
494,,5.402880e-05,,5.318400e-06,,1.709760e-04,,4.219680e-05,
495,,5.406720e-05,,5.323200e-06,,1.710096e-04,,4.238880e-05,
496,,5.405760e-05,,5.328000e-06,,1.711008e-04,,4.229280e-05,
497,,5.416800e-05,,5.294400e-06,,1.710816e-04,,4.236000e-05,
498,,5.412960e-05,,5.323200e-06,,1.709568e-04,,4.222080e-05,
499,,5.409120e-05,,5.299200e-06,,1.710480e-04,,4.240320e-05,
500,,5.414880e-05,,5.356800e-06,,1.710720e-04,,4.237920e-05,
501,,5.403360e-05,,5.294400e-06,,1.710816e-04,,4.238400e-05,
502,,1.600000e+308,,5.332800e-06,,1.710096e-04,,4.236480e-05,
503,,1.600000e+308,,5.356800e-06,,1.709568e-04,,4.245120e-05,
504,,5.423040e-05,,5.313600e-06,,1.709760e-04,,4.227360e-05,
505,,5.411520e-05,,5.342400e-06,,1.710480e-04,,4.232160e-05,
506,,5.403360e-05,,5.337600e-06,,1.710288e-04,,4.221120e-05,
507,,5.423040e-05,,5.337600e-06,,1.711872e-04,,4.242240e-05,
508,,5.412480e-05,,5.361600e-06,,1.710864e-04,,4.246560e-05,
509,,5.406720e-05,,5.260800e-06,,1.709760e-04,,4.227840e-05,
510,,5.404320e-05,,5.313600e-06,,1.709856e-04,,4.251360e-05,
511,,5.417280e-05,,5.270400e-06,,1.710432e-04,,4.229280e-05,
512,,5.422560e-05,,5.323200e-06,,1.710480e-04,,4.240320e-05,
513,,5.423040e-05,,5.380800e-06,,1.710336e-04,,4.232160e-05,
514,,5.422080e-05,,5.328000e-06,,1.710432e-04,,4.239360e-05,
515,,1.600000e+308,,5.332800e-06,,1.711104e-04,,4.235040e-05,
516,,5.414400e-05,,5.236800e-06,,1.709904e-04,,4.242720e-05,
517,,5.419680e-05,,5.361600e-06,,1.710192e-04,,4.238880e-05,
518,,5.418240e-05,,5.395200e-06,,1.710384e-04,,4.221600e-05,
519,,5.422080e-05,,5.260800e-06,,1.710288e-04,,4.233120e-05,
520,,5.400960e-05,,5.356800e-06,,1.710240e-04,,4.232160e-05,
521,,5.422080e-05,,5.308800e-06,,1.710384e-04,,4.243200e-05,
522,,1.600000e+308,,5.376000e-06,,1.710000e-04,,4.241760e-05,
523,,5.419200e-05,,5.313600e-06,,1.710192e-04,,4.236000e-05,
524,,5.417280e-05,,5.270400e-06,,1.710096e-04,,4.224480e-05,
525,,1.600000e+308,,5.328000e-06,,1.710192e-04,,4.229760e-05,
526,,5.414400e-05,,5.347200e-06,,1.709904e-04,,4.228800e-05,
527,,5.418240e-05,,5.260800e-06,,1.711152e-04,,4.240800e-05,
528,,1.600000e+308,,5.376000e-06,,1.711152e-04,,4.214880e-05,
529,,5.424000e-05,,5.342400e-06,,1.710096e-04,,4.245600e-05,
530,,1.600000e+308,,5.328000e-06,,1.710624e-04,,4.227840e-05,
531,,5.405280e-05,,5.318400e-06,,1.710720e-04,,4.231200e-05,
532,,1.600000e+308,,5.352000e-06,,1.710000e-04,,4.240800e-05,
533,,5.415840e-05,,5.347200e-06,,1.710192e-04,,4.237920e-05,
534,,1.600000e+308,,5.304000e-06,,1.710096e-04,,4.235520e-05,
535,,1.600000e+308,,5.409600e-06,,1.710000e-04,,4.231200e-05,
536,,5.405760e-05,,5.342400e-06,,1.710192e-04,,4.231200e-05,
537,,5.424480e-05,,5.337600e-06,,1.710768e-04,,4.232640e-05,
538,,5.407200e-05,,5.275200e-06,,1.709712e-04,,4.228320e-05,
539,,5.432160e-05,,5.371200e-06,,1.710480e-04,,4.242240e-05,
540,,5.413920e-05,,5.313600e-06,,1.710528e-04,,4.228800e-05,
541,,1.600000e+308,,5.371200e-06,,1.710624e-04,,4.235040e-05,
542,,5.409600e-05,,5.313600e-06,,1.710144e-04,,4.225920e-05,
543,,5.413920e-05,,5.313600e-06,,1.709808e-04,,4.243680e-05,
544,,1.600000e+308,,5.304000e-06,,1.709424e-04,,4.234560e-05,
545,,5.417760e-05,,5.323200e-06,,1.710480e-04,,4.225440e-05,
546,,5.420640e-05,,5.342400e-06,,1.711200e-04,,4.236960e-05,
547,,5.414400e-05,,5.347200e-06,,1.710672e-04,,4.236960e-05,
548,,5.407680e-05,,5.284800e-06,,1.710576e-04,,4.215840e-05,
549,,5.410560e-05,,5.352000e-06,,1.710096e-04,,4.233120e-05,
550,,1.600000e+308,,5.299200e-06,,1.709952e-04,,4.234080e-05,
551,,5.421120e-05,,5.284800e-06,,1.709904e-04,,4.226880e-05,
552,,5.425440e-05,,5.265600e-06,,1.710000e-04,,4.239840e-05,
553,,1.600000e+308,,5.366400e-06,,1.709184e-04,,4.228320e-05,
554,,5.407200e-05,,5.347200e-06,,1.709856e-04,,4.225440e-05,
555,,1.600000e+308,,5.342400e-06,,1.709856e-04,,4.226400e-05,
556,,5.411520e-05,,5.289600e-06,,1.711728e-04,,4.247040e-05,
557,,5.426400e-05,,5.337600e-06,,1.711248e-04,,4.252800e-05,
558,,1.600000e+308,,5.251200e-06,,1.600000e+308,,4.228800e-05,
559,,1.600000e+308,,1.600000e+308,,1.600000e+308,,4.228800e-05,
560,,1.600000e+308,,1.600000e+308,,1.600000e+308,,1.600000e+308,
561,,1.600000e+308,,1.600000e+308,,1.600000e+308,,1.600000e+308,
562,,1.600000e+308,,1.600000e+308,,1.600000e+308,,1.600000e+308,
563,,1.600000e+308,,1.600000e+308,,1.600000e+308,,1.600000e+308,
564,,1.600000e+308,,1.600000e+308,,1.600000e+308,,1.600000e+308,
565,,1.600000e+308,,1.600000e+308,,1.600000e+308,,1.600000e+308,
566,,1.600000e+308,,1.600000e+308,,1.600000e+308,,1.600000e+308,
567,,1.600000e+308,,1.600000e+308,,1.600000e+308,,1.600000e+308,
568,,1.600000e+308,,1.600000e+308,,1.600000e+308,,1.600000e+308,
569,,1.600000e+308,,1.600000e+308,,1.600000e+308,,1.600000e+308,
570,,1.600000e+308,,1.600000e+308,,1.600000e+308,,1.600000e+308,
571,,1.600000e+308,,1.600000e+308,,1.600000e+308,,1.600000e+308,
572,,1.600000e+308,,1.600000e+308,,1.600000e+308,,1.600000e+308,
573,,1.600000e+308,,4.229280e-05,,5.407200e-05,,1.600000e+308,
574,,1.600000e+308,,4.235520e-05,,1.600000e+308,,1.600000e+308,
575,,1.600000e+308,,4.243200e-05,,1.600000e+308,,1.600000e+308,
576,,1.600000e+308,,4.222080e-05,,1.600000e+308,,1.600000e+308,
577,,1.600000e+308,,4.236960e-05,,5.408640e-05,,1.600000e+308,
578,,1.600000e+308,,4.233120e-05,,5.421120e-05,,1.600000e+308,
579,,1.600000e+308,,4.238880e-05,,1.600000e+308,,1.600000e+308,
580,,1.600000e+308,,4.234560e-05,,1.600000e+308,,1.600000e+308,
581,,1.600000e+308,,4.241760e-05,,1.600000e+308,,1.600000e+308,
582,,1.600000e+308,,4.235040e-05,,1.600000e+308,,1.600000e+308,
583,,1.600000e+308,,4.234080e-05,,5.401920e-05,,1.600000e+308,
584,,1.600000e+308,,4.224000e-05,,1.600000e+308,,1.600000e+308,
585,,1.600000e+308,,4.221120e-05,,5.418240e-05,,1.600000e+308,
586,,1.600000e+308,,4.233120e-05,,5.419680e-05,,1.600000e+308,
587,,1.600000e+308,,4.227360e-05,,1.600000e+308,,1.600000e+308,
588,,1.600000e+308,,4.238880e-05,,5.413440e-05,,1.600000e+308,
589,,1.600000e+308,,4.229760e-05,,5.406720e-05,,1.600000e+308,
590,,1.600000e+308,,4.246560e-05,,1.600000e+308,,1.600000e+308,
591,,1.600000e+308,,4.229760e-05,,1.600000e+308,,1.600000e+308,
592,,1.600000e+308,,4.219200e-05,,1.600000e+308,,1.600000e+308,
593,,1.600000e+308,,4.230240e-05,,5.404800e-05,,1.600000e+308,
594,,1.600000e+308,,4.234560e-05,,5.415360e-05,,1.600000e+308,
595,,1.600000e+308,,4.236480e-05,,1.600000e+308,,1.600000e+308,
596,,1.600000e+308,,4.236000e-05,,5.404800e-05,,1.600000e+308,
597,,1.600000e+308,,4.242720e-05,,5.410560e-05,,1.600000e+308,
598,,1.600000e+308,,4.237920e-05,,1.600000e+308,,1.600000e+308,
599,,1.600000e+308,,4.221120e-05,,5.412000e-05,,1.600000e+308,
600,,1.710720e-04,,4.227840e-05,,5.423040e-05,,5.376000e-06,
601,,1.600000e+308,,4.217760e-05,,5.418240e-05,,1.600000e+308,
602,,2.500080e-04,,4.216800e-05,,5.413440e-05,,4.492800e-06,
603,,2.499888e-04,,4.236480e-05,,5.417760e-05,,4.545600e-06,
604,,2.500080e-04,,4.236960e-05,,1.600000e+308,,4.550400e-06,
605,,1.710480e-04,,4.231200e-05,,5.411520e-05,,5.376000e-06,
606,,1.711104e-04,,4.236960e-05,,5.413440e-05,,5.390400e-06,
607,,1.710288e-04,,4.245120e-05,,5.418720e-05,,5.318400e-06,
608,,2.500080e-04,,4.232160e-05,,5.409600e-05,,4.521600e-06,
609,,2.499984e-04,,4.226400e-05,,5.421120e-05,,4.540800e-06,
610,,2.500224e-04,,4.228320e-05,,5.412960e-05,,4.555200e-06,
611,,2.499888e-04,,4.232640e-05,,5.410560e-05,,4.536000e-06,
612,,2.499984e-04,,4.228320e-05,,5.410560e-05,,4.550400e-06,
613,,1.710480e-04,,4.236000e-05,,5.424000e-05,,5.299200e-06,
614,,1.710960e-04,,4.220640e-05,,5.414400e-05,,5.332800e-06,
615,,1.710192e-04,,4.209600e-05,,1.600000e+308,,5.308800e-06,
616,,1.711536e-04,,4.229280e-05,,5.418240e-05,,5.236800e-06,
617,,1.709280e-04,,4.226400e-05,,5.416800e-05,,5.308800e-06,
618,,2.499888e-04,,4.224480e-05,,5.420160e-05,,4.545600e-06,
619,,1.710528e-04,,4.229280e-05,,1.600000e+308,,5.313600e-06,
620,,1.710336e-04,,4.233600e-05,,1.600000e+308,,5.308800e-06,
621,,2.500080e-04,,4.221120e-05,,5.409120e-05,,4.564800e-06,
622,,1.710048e-04,,4.229280e-05,,5.412960e-05,,5.337600e-06,
623,,1.708944e-04,,4.234560e-05,,5.412480e-05,,5.299200e-06,
624,,1.709616e-04,,4.238880e-05,,1.600000e+308,,5.280000e-06,
625,,1.709760e-04,,4.236960e-05,,5.412960e-05,,5.371200e-06,
626,,2.499984e-04,,4.248480e-05,,5.417280e-05,,4.584000e-06,
627,,1.710528e-04,,4.244160e-05,,5.405760e-05,,5.347200e-06,
628,,1.710960e-04,,4.225920e-05,,1.600000e+308,,5.313600e-06,
629,,1.710672e-04,,4.223040e-05,,5.407680e-05,,5.294400e-06,
630,,1.709952e-04,,4.227840e-05,,5.407200e-05,,5.337600e-06,
631,,1.709952e-04,,4.231200e-05,,5.408160e-05,,5.332800e-06,
632,,1.709856e-04,,4.225920e-05,,5.418720e-05,,5.323200e-06,
633,,1.710144e-04,,4.242720e-05,,1.600000e+308,,5.366400e-06,
634,,1.709808e-04,,4.236480e-05,,5.415360e-05,,5.366400e-06,
635,,1.710336e-04,,4.246080e-05,,1.600000e+308,,5.260800e-06,
636,,1.710432e-04,,4.242720e-05,,5.418240e-05,,5.270400e-06,
637,,1.710000e-04,,4.227840e-05,,5.407680e-05,,5.390400e-06,
638,,1.709616e-04,,4.242240e-05,,5.411520e-05,,5.366400e-06,
639,,1.711440e-04,,4.244640e-05,,5.409120e-05,,5.332800e-06,
640,,1.709664e-04,,4.218240e-05,,5.410560e-05,,5.356800e-06,
641,,1.710288e-04,,4.227360e-05,,5.408160e-05,,5.337600e-06,
642,,1.710288e-04,,4.235520e-05,,5.407680e-05,,5.323200e-06,
643,,1.710720e-04,,4.228320e-05,,1.600000e+308,,5.318400e-06,
644,,1.710384e-04,,4.239360e-05,,5.400480e-05,,5.308800e-06,
645,,1.710336e-04,,4.234560e-05,,5.419680e-05,,5.332800e-06,
646,,1.710384e-04,,4.239840e-05,,1.600000e+308,,5.318400e-06,
647,,1.709424e-04,,4.235520e-05,,1.600000e+308,,5.356800e-06,
648,,1.709136e-04,,4.242720e-05,,5.422560e-05,,5.323200e-06,
649,,1.710240e-04,,4.239360e-05,,5.414880e-05,,5.342400e-06,
650,,1.711296e-04,,4.241280e-05,,5.414880e-05,,5.270400e-06,
651,,1.710144e-04,,4.244160e-05,,5.408160e-05,,5.380800e-06,
652,,1.710288e-04,,4.225440e-05,,5.420640e-05,,5.308800e-06,
653,,1.709712e-04,,4.227840e-05,,5.410560e-05,,5.337600e-06,
654,,1.710336e-04,,4.239840e-05,,5.406240e-05,,5.318400e-06,
655,,1.710720e-04,,4.223520e-05,,5.407200e-05,,5.294400e-06,
656,,1.708944e-04,,4.234080e-05,,5.413920e-05,,5.323200e-06,
657,,1.710288e-04,,4.227360e-05,,5.415360e-05,,5.328000e-06,
658,,1.711056e-04,,4.226400e-05,,5.412000e-05,,5.313600e-06,
659,,1.710432e-04,,4.231200e-05,,5.417760e-05,,5.280000e-06,
660,,1.709904e-04,,4.244160e-05,,5.412480e-05,,5.318400e-06,
661,,1.709952e-04,,4.226400e-05,,5.414400e-05,,5.352000e-06,
662,,1.710240e-04,,4.231200e-05,,1.600000e+308,,5.318400e-06,
663,,1.709760e-04,,4.227840e-05,,5.412480e-05,,5.323200e-06,
664,,1.709520e-04,,4.226880e-05,,1.600000e+308,,5.284800e-06,
665,,1.710624e-04,,4.240320e-05,,1.600000e+308,,5.323200e-06,
666,,1.709472e-04,,4.228800e-05,,1.600000e+308,,5.313600e-06,
667,,1.710144e-04,,4.227840e-05,,1.600000e+308,,5.337600e-06,
668,,1.709760e-04,,4.222080e-05,,1.600000e+308,,5.337600e-06,
669,,1.710096e-04,,4.228320e-05,,5.413920e-05,,5.275200e-06,
670,,1.709520e-04,,4.233600e-05,,1.600000e+308,,5.328000e-06,
671,,1.708704e-04,,4.242240e-05,,5.426400e-05,,5.318400e-06,
672,,1.710240e-04,,4.248000e-05,,1.600000e+308,,5.280000e-06,
673,,1.709664e-04,,4.220160e-05,,5.412480e-05,,5.294400e-06,
674,,1.709664e-04,,4.235040e-05,,5.409120e-05,,5.323200e-06,
675,,1.710576e-04,,4.240800e-05,,1.600000e+308,,5.304000e-06,
676,,1.710240e-04,,4.226880e-05,,1.600000e+308,,5.246400e-06,
677,,1.710288e-04,,4.224480e-05,,5.410560e-05,,5.323200e-06,
678,,1.710048e-04,,4.217280e-05,,1.600000e+308,,5.337600e-06,
679,,1.709856e-04,,4.234560e-05,,5.416800e-05,,5.275200e-06,
680,,1.710144e-04,,4.225920e-05,,1.600000e+308,,5.356800e-06,
681,,1.710192e-04,,4.229760e-05,,5.412000e-05,,5.308800e-06,
682,,1.709856e-04,,4.236480e-05,,5.416800e-05,,5.371200e-06,
683,,1.709568e-04,,4.231680e-05,,1.600000e+308,,5.328000e-06,
684,,1.710576e-04,,4.233120e-05,,1.600000e+308,,5.332800e-06,
685,,1.708560e-04,,4.234080e-05,,1.600000e+308,,5.337600e-06,
686,,1.709616e-04,,4.240320e-05,,1.600000e+308,,5.342400e-06,
687,,1.709760e-04,,4.225440e-05,,5.408160e-05,,5.308800e-06,
688,,1.709760e-04,,4.245120e-05,,1.600000e+308,,5.280000e-06,
689,,1.710384e-04,,4.228320e-05,,5.410560e-05,,5.400000e-06,
690,,1.709280e-04,,4.241760e-05,,1.600000e+308,,5.328000e-06,
691,,1.711104e-04,,4.238400e-05,,5.421120e-05,,5.308800e-06,
692,,1.708800e-04,,4.235040e-05,,1.600000e+308,,5.328000e-06,
693,,1.709280e-04,,4.227840e-05,,1.600000e+308,,5.400000e-06,
694,,1.710048e-04,,4.231200e-05,,5.402400e-05,,5.299200e-06,
695,,1.710000e-04,,4.234080e-05,,5.422560e-05,,5.323200e-06,
696,,1.710576e-04,,4.231680e-05,,1.600000e+308,,5.308800e-06,
697,,1.600000e+308,,4.225440e-05,,5.411520e-05,,1.600000e+308,
698,,1.600000e+308,,4.229760e-05,,5.423520e-05,,1.600000e+308,
699,,1.600000e+308,,4.208640e-05,,1.600000e+308,,1.600000e+308,
700,,1.600000e+308,,4.232160e-05,,5.420640e-05,,1.600000e+308,
701,,1.600000e+308,,4.207200e-05,,5.408640e-05,,1.600000e+308,
702,,1.600000e+308,,4.232640e-05,,1.600000e+308,,1.600000e+308,
703,,1.600000e+308,,4.234080e-05,,5.404800e-05,,1.600000e+308,
704,,1.600000e+308,,4.236960e-05,,5.415360e-05,,1.600000e+308,
705,,1.600000e+308,,4.230720e-05,,1.600000e+308,,1.600000e+308,
706,,1.600000e+308,,4.237440e-05,,5.406240e-05,,1.600000e+308,
707,,1.600000e+308,,4.242240e-05,,5.417280e-05,,1.600000e+308,
708,,1.600000e+308,,4.226400e-05,,1.600000e+308,,1.600000e+308,
709,,1.600000e+308,,4.231200e-05,,1.600000e+308,,1.600000e+308,
710,,1.600000e+308,,4.245600e-05,,5.400960e-05,,1.600000e+308,
711,,1.600000e+308,,4.218240e-05,,5.412000e-05,,1.600000e+308,
712,,1.600000e+308,,4.238400e-05,,5.406720e-05,,1.600000e+308,
713,,1.600000e+308,,4.234080e-05,,5.400480e-05,,2.620320e-05,
714,,1.600000e+308,,4.240800e-05,,1.600000e+308,,2.607360e-05,
715,,1.600000e+308,,4.233600e-05,,5.403840e-05,,2.609760e-05,
716,,1.600000e+308,,4.223520e-05,,1.600000e+308,,2.607360e-05,
717,,1.600000e+308,,4.236960e-05,,5.407200e-05,,2.636160e-05,
718,,1.600000e+308,,4.220640e-05,,1.600000e+308,,2.599680e-05,
719,,1.600000e+308,,4.228320e-05,,1.600000e+308,,2.626560e-05,
720,,1.600000e+308,,4.235040e-05,,5.411520e-05,,2.616480e-05,
721,,1.600000e+308,,4.225920e-05,,5.417760e-05,,2.601120e-05,
722,,1.600000e+308,,4.246080e-05,,1.600000e+308,,2.597280e-05,
723,,1.600000e+308,,4.232160e-05,,5.404800e-05,,2.643840e-05,
724,,1.600000e+308,,4.243200e-05,,1.600000e+308,,2.615040e-05,
725,,1.600000e+308,,4.232640e-05,,5.400480e-05,,2.589600e-05,
726,,1.600000e+308,,4.233600e-05,,1.600000e+308,,2.601600e-05,
727,,1.600000e+308,,4.224960e-05,,5.414880e-05,,2.584800e-05,
728,,1.600000e+308,,4.212000e-05,,5.414400e-05,,2.612640e-05,
729,,1.600000e+308,,4.238880e-05,,1.600000e+308,,2.594880e-05,
730,,1.600000e+308,,4.232640e-05,,5.412480e-05,,2.648640e-05,
731,,1.600000e+308,,4.236000e-05,,5.411040e-05,,2.595360e-05,
732,,1.600000e+308,,4.238880e-05,,1.600000e+308,,2.596800e-05,
733,,1.600000e+308,,4.231680e-05,,1.600000e+308,,2.599680e-05,
734,,1.600000e+308,,4.243680e-05,,5.415840e-05,,2.593440e-05,
735,,1.600000e+308,,4.250880e-05,,5.409600e-05,,2.612160e-05,
736,,1.600000e+308,,4.232160e-05,,5.413440e-05,,2.596800e-05,
737,,1.600000e+308,,1.600000e+308,,1.600000e+308,,2.598240e-05,
738,,5.000784e-04,,1.600000e+308,,1.600000e+308,,2.614560e-05,
739,,4.999440e-04,,1.600000e+308,,1.600000e+308,,2.604960e-05,
740,,5.000784e-04,,1.600000e+308,,1.600000e+308,,2.603040e-05,
741,,1.600000e+308,,1.600000e+308,,1.600000e+308,,2.605440e-05,
742,,5.000352e-04,,1.600000e+308,,1.600000e+308,,2.604960e-05,
743,,5.000544e-04,,1.600000e+308,,1.600000e+308,,2.619840e-05,
744,,4.999824e-04,,1.600000e+308,,1.600000e+308,,2.617440e-05,
745,,5.000880e-04,,1.600000e+308,,1.600000e+308,,1.600000e+308,
746,,1.600000e+308,,5.395200e-06,,1.709856e-04,,2.600640e-05,
747,,1.600000e+308,,5.284800e-06,,1.710240e-04,,2.595360e-05,
748,,1.600000e+308,,5.318400e-06,,1.710048e-04,,2.602560e-05,
749,,1.600000e+308,,5.299200e-06,,1.709664e-04,,2.604480e-05,
750,,1.600000e+308,,5.308800e-06,,1.709664e-04,,2.628480e-05,
751,,1.600000e+308,,5.313600e-06,,1.710720e-04,,2.627040e-05,
752,,1.600000e+308,,5.361600e-06,,1.710432e-04,,2.604000e-05,
753,,1.600000e+308,,5.323200e-06,,1.710240e-04,,2.594400e-05,
754,,1.600000e+308,,5.304000e-06,,1.710384e-04,,2.597280e-05,
755,,1.600000e+308,,5.376000e-06,,1.709952e-04,,2.615040e-05,
756,,1.600000e+308,,5.299200e-06,,1.711296e-04,,2.607840e-05,
757,,1.600000e+308,,5.323200e-06,,1.710912e-04,,2.606880e-05,
758,,1.600000e+308,,5.347200e-06,,1.711200e-04,,2.610720e-05,
759,,1.600000e+308,,5.342400e-06,,1.709808e-04,,2.622720e-05,
760,,1.600000e+308,,5.332800e-06,,1.711104e-04,,2.612640e-05,
761,,1.600000e+308,,5.270400e-06,,1.709856e-04,,2.596800e-05,
762,,1.600000e+308,,5.251200e-06,,1.710000e-04,,2.614080e-05,
763,,1.600000e+308,,5.361600e-06,,1.709472e-04,,2.615520e-05,
764,,1.600000e+308,,5.265600e-06,,1.709712e-04,,2.604480e-05,
765,,1.600000e+308,,5.323200e-06,,1.710768e-04,,2.596800e-05,
766,,1.600000e+308,,5.342400e-06,,1.710336e-04,,2.608320e-05,
767,,1.600000e+308,,5.366400e-06,,1.710864e-04,,2.616000e-05,
768,,1.600000e+308,,5.356800e-06,,1.709856e-04,,2.604000e-05,
769,,1.600000e+308,,5.361600e-06,,1.710624e-04,,2.625600e-05,
770,,1.600000e+308,,5.328000e-06,,1.710336e-04,,2.606400e-05,
771,,1.600000e+308,,5.337600e-06,,1.711440e-04,,2.600640e-05,
772,,1.600000e+308,,5.275200e-06,,1.711488e-04,,2.609760e-05,
773,,1.600000e+308,,5.294400e-06,,1.710240e-04,,2.602560e-05,
774,,1.600000e+308,,5.352000e-06,,1.709904e-04,,2.600160e-05,
775,,1.600000e+308,,5.332800e-06,,1.710960e-04,,2.607360e-05,
776,,1.600000e+308,,5.284800e-06,,1.710912e-04,,2.606400e-05,
777,,1.600000e+308,,5.251200e-06,,1.710960e-04,,2.608320e-05,
778,,1.600000e+308,,5.361600e-06,,1.710576e-04,,2.610240e-05,
779,,1.600000e+308,,5.294400e-06,,1.710960e-04,,2.607840e-05,
780,,1.600000e+308,,5.352000e-06,,1.710288e-04,,2.600640e-05,
781,,1.600000e+308,,5.356800e-06,,1.709616e-04,,2.616480e-05,
782,,1.600000e+308,,5.299200e-06,,1.710000e-04,,2.606880e-05,
783,,1.600000e+308,,5.337600e-06,,1.710096e-04,,2.613600e-05,
784,,1.600000e+308,,5.323200e-06,,1.711056e-04,,2.617920e-05,
785,,1.600000e+308,,5.332800e-06,,1.710480e-04,,2.613120e-05,
786,,1.600000e+308,,5.313600e-06,,1.709184e-04,,2.605920e-05,
787,,1.600000e+308,,5.318400e-06,,1.710288e-04,,2.609280e-05,
788,,1.600000e+308,,5.318400e-06,,1.710048e-04,,2.624160e-05,
789,,1.600000e+308,,5.385600e-06,,1.710384e-04,,2.618400e-05,
790,,1.600000e+308,,5.337600e-06,,1.709760e-04,,2.616000e-05,
791,,1.600000e+308,,5.328000e-06,,1.710288e-04,,2.597760e-05,
792,,1.600000e+308,,5.385600e-06,,1.711104e-04,,2.620800e-05,
793,,1.600000e+308,,5.299200e-06,,1.710912e-04,,2.614560e-05,
794,,1.600000e+308,,5.342400e-06,,1.710912e-04,,2.623680e-05,
795,,1.600000e+308,,5.332800e-06,,1.710816e-04,,2.618400e-05,
796,,1.600000e+308,,5.347200e-06,,1.710624e-04,,2.608800e-05,
797,,1.600000e+308,,5.294400e-06,,1.710096e-04,,2.597760e-05,
798,,1.600000e+308,,5.395200e-06,,1.710336e-04,,2.606400e-05,
799,,1.600000e+308,,5.356800e-06,,1.710096e-04,,2.621280e-05,
800,,1.600000e+308,,5.356800e-06,,1.711104e-04,,2.620800e-05,
801,,1.600000e+308,,5.289600e-06,,1.709520e-04,,2.617440e-05,
802,,1.600000e+308,,5.342400e-06,,1.710384e-04,,2.613120e-05,
803,,1.600000e+308,,5.241600e-06,,1.711296e-04,,2.609760e-05,
804,,1.600000e+308,,5.395200e-06,,1.710864e-04,,2.604960e-05,
805,,1.600000e+308,,5.313600e-06,,1.710288e-04,,2.595840e-05,
806,,1.600000e+308,,5.342400e-06,,1.710768e-04,,2.630400e-05,
807,,1.600000e+308,,5.366400e-06,,1.711152e-04,,2.605920e-05,
808,,1.600000e+308,,5.366400e-06,,1.709328e-04,,2.608320e-05,
809,,1.600000e+308,,5.294400e-06,,1.709424e-04,,2.598240e-05,
810,,1.600000e+308,,5.356800e-06,,1.709280e-04,,2.620800e-05,
811,,1.600000e+308,,5.275200e-06,,1.710576e-04,,2.606400e-05,
812,,1.600000e+308,,5.328000e-06,,1.711152e-04,,2.616480e-05,
813,,1.600000e+308,,5.270400e-06,,1.710192e-04,,2.603040e-05,
814,,1.600000e+308,,5.342400e-06,,1.709856e-04,,2.602080e-05,
815,,1.600000e+308,,5.361600e-06,,1.709760e-04,,2.623200e-05,
816,,1.600000e+308,,5.227200e-06,,1.709760e-04,,2.623680e-05,
817,,1.600000e+308,,5.347200e-06,,1.710288e-04,,2.593440e-05,
818,,1.600000e+308,,5.270400e-06,,1.709904e-04,,2.605920e-05,
819,,1.600000e+308,,5.328000e-06,,1.710624e-04,,2.617920e-05,
820,,1.600000e+308,,5.395200e-06,,1.710720e-04,,2.594880e-05,
821,,1.600000e+308,,5.308800e-06,,1.709616e-04,,2.620800e-05,
822,,1.600000e+308,,5.347200e-06,,1.710384e-04,,2.624160e-05,
823,,1.600000e+308,,5.323200e-06,,1.710432e-04,,2.610240e-05,
824,,1.600000e+308,,5.284800e-06,,1.710336e-04,,2.604480e-05,
825,,1.600000e+308,,5.299200e-06,,1.709184e-04,,2.593920e-05,
826,,1.600000e+308,,5.313600e-06,,1.710576e-04,,2.612160e-05,
827,,1.600000e+308,,5.352000e-06,,1.710624e-04,,2.614560e-05,
828,,1.600000e+308,,5.275200e-06,,1.710240e-04,,2.604960e-05,
829,,1.600000e+308,,5.270400e-06,,1.709184e-04,,2.605440e-05,
830,,1.600000e+308,,5.337600e-06,,1.710000e-04,,2.609280e-05,
831,,1.600000e+308,,5.318400e-06,,1.709952e-04,,2.627040e-05,
832,,1.600000e+308,,5.323200e-06,,1.710144e-04,,2.597760e-05,
833,,1.600000e+308,,5.308800e-06,,1.710192e-04,,2.620320e-05,
834,,1.600000e+308,,5.328000e-06,,1.710288e-04,,2.604960e-05,
835,,1.600000e+308,,5.328000e-06,,1.710192e-04,,2.617920e-05,
836,,1.600000e+308,,5.284800e-06,,1.710048e-04,,2.600160e-05,
837,,1.600000e+308,,5.337600e-06,,1.709904e-04,,2.626080e-05,
838,,1.600000e+308,,5.323200e-06,,1.710576e-04,,2.636640e-05,
839,,1.600000e+308,,5.328000e-06,,1.709712e-04,,2.605440e-05,
840,,1.600000e+308,,5.284800e-06,,1.710096e-04,,2.607840e-05,
841,,1.600000e+308,,5.275200e-06,,1.710288e-04,,2.599680e-05,
842,,1.600000e+308,,5.337600e-06,,1.711248e-04,,2.601120e-05,
843,,1.600000e+308,,5.299200e-06,,1.710960e-04,,2.590560e-05,
844,,1.600000e+308,,5.256000e-06,,1.711584e-04,,2.592480e-05,
845,,1.600000e+308,,5.352000e-06,,1.709856e-04,,2.609760e-05,
846,,1.600000e+308,,5.390400e-06,,1.709424e-04,,2.609280e-05,
847,,1.600000e+308,,5.275200e-06,,1.710336e-04,,2.587680e-05,
848,,1.600000e+308,,5.352000e-06,,1.711056e-04,,2.598240e-05,
849,,1.600000e+308,,5.347200e-06,,1.709376e-04,,2.596800e-05,
850,,1.600000e+308,,5.366400e-06,,1.709664e-04,,2.616960e-05,
851,,1.600000e+308,,5.376000e-06,,1.710288e-04,,2.616480e-05,
852,,1.600000e+308,,5.328000e-06,,1.710912e-04,,2.596320e-05,
853,,1.600000e+308,,5.260800e-06,,1.711008e-04,,2.608800e-05,
854,,1.600000e+308,,5.390400e-06,,1.710864e-04,,2.608800e-05,
855,,1.600000e+308,,5.371200e-06,,1.711248e-04,,2.600160e-05,
856,,1.600000e+308,,5.361600e-06,,1.711008e-04,,2.594400e-05,
857,,1.600000e+308,,5.323200e-06,,1.709856e-04,,2.621280e-05,
858,,1.600000e+308,,5.366400e-06,,1.710432e-04,,2.598240e-05,
859,,1.600000e+308,,5.318400e-06,,1.710864e-04,,2.597760e-05,
860,,1.600000e+308,,5.332800e-06,,1.710336e-04,,2.599680e-05,
861,,1.600000e+308,,5.284800e-06,,1.709280e-04,,2.632320e-05,
862,,1.600000e+308,,5.342400e-06,,1.710336e-04,,2.621280e-05,
863,,1.600000e+308,,5.256000e-06,,1.710096e-04,,2.609280e-05,
864,,1.600000e+308,,5.251200e-06,,1.710240e-04,,2.613600e-05,
865,,1.600000e+308,,5.352000e-06,,1.709808e-04,,2.617920e-05,
866,,1.600000e+308,,5.385600e-06,,1.711008e-04,,2.598720e-05,
867,,1.600000e+308,,5.275200e-06,,1.710432e-04,,2.608320e-05,
868,,1.600000e+308,,5.376000e-06,,1.711152e-04,,2.634240e-05,
869,,1.600000e+308,,5.356800e-06,,1.710384e-04,,2.591520e-05,
870,,1.600000e+308,,5.270400e-06,,1.710864e-04,,2.627520e-05,
871,,1.600000e+308,,5.400000e-06,,1.710336e-04,,2.614080e-05,
872,,1.600000e+308,,5.332800e-06,,1.710816e-04,,2.616480e-05,
873,,1.600000e+308,,5.265600e-06,,1.710144e-04,,2.606400e-05,
874,,1.600000e+308,,5.347200e-06,,1.709376e-04,,2.613120e-05,
875,,1.600000e+308,,5.342400e-06,,1.710624e-04,,2.602080e-05,
876,,1.600000e+308,,5.284800e-06,,1.710384e-04,,2.616480e-05,
877,,1.600000e+308,,5.294400e-06,,1.710720e-04,,2.603040e-05,
878,,1.600000e+308,,5.313600e-06,,1.711152e-04,,2.597280e-05,
879,,1.600000e+308,,5.337600e-06,,1.711056e-04,,2.607840e-05,
880,,1.600000e+308,,5.342400e-06,,1.710240e-04,,2.623680e-05,
881,,1.600000e+308,,5.376000e-06,,1.710288e-04,,2.616960e-05,
882,,1.600000e+308,,1.600000e+308,,1.600000e+308,,2.618400e-05,
883,,1.600000e+308,,1.600000e+308,,1.600000e+308,,2.616480e-05,
884,,1.600000e+308,,1.600000e+308,,1.600000e+308,,2.600160e-05,
885,,1.600000e+308,,1.600000e+308,,1.600000e+308,,2.620800e-05,
886,,1.600000e+308,,1.600000e+308,,1.600000e+308,,2.615040e-05,
887,,1.600000e+308,,1.600000e+308,,1.600000e+308,,2.600640e-05,
888,,1.600000e+308,,1.600000e+308,,1.600000e+308,,2.604000e-05,
889,,1.600000e+308,,1.600000e+308,,1.600000e+308,,2.618400e-05,
890,,1.600000e+308,,1.600000e+308,,1.600000e+308,,2.621760e-05,
891,,1.600000e+308,,1.600000e+308,,1.600000e+308,,2.604960e-05,
892,,1.600000e+308,,1.600000e+308,,1.600000e+308,,2.624640e-05,
893,,1.600000e+308,,1.600000e+308,,1.600000e+308,,2.602560e-05,
894,,1.600000e+308,,1.600000e+308,,1.600000e+308,,2.608320e-05,
895,,1.600000e+308,,1.600000e+308,,1.600000e+308,,1.600000e+308,
896,,1.600000e+308,,1.600000e+308,,1.600000e+308,,1.600000e+308,
897,,1.600000e+308,,1.600000e+308,,1.600000e+308,,1.600000e+308,
898,,1.600000e+308,,1.600000e+308,,1.600000e+308,,1.600000e+308,
899,,1.600000e+308,,1.600000e+308,,1.600000e+308,,1.600000e+308,
900,,1.600000e+308,,1.600000e+308,,1.600000e+308,,1.600000e+308,
901,,1.600000e+308,,1.600000e+308,,1.600000e+308,,1.600000e+308,
902,,1.600000e+308,,1.600000e+308,,1.600000e+308,,1.600000e+308,
903,,1.600000e+308,,1.600000e+308,,1.600000e+308,,1.600000e+308,
904,,1.600000e+308,,1.600000e+308,,1.600000e+308,,1.600000e+308,
905,,1.600000e+308,,1.600000e+308,,1.600000e+308,,1.600000e+308,
906,,1.600000e+308,,1.600000e+308,,1.600000e+308,,1.600000e+308,
907,,1.600000e+308,,1.600000e+308,,1.600000e+308,,1.600000e+308,
908,,1.600000e+308,,1.600000e+308,,1.600000e+308,,1.600000e+308,
909,,1.600000e+308,,1.600000e+308,,1.600000e+308,,1.600000e+308,
910,,1.600000e+308,,1.600000e+308,,1.600000e+308,,1.600000e+308,
911,,1.600000e+308,,1.600000e+308,,1.600000e+308,,1.600000e+308,
912,,1.600000e+308,,1.600000e+308,,1.600000e+308,,1.600000e+308,
913,,1.600000e+308,,1.600000e+308,,1.600000e+308,,1.600000e+308,
914,,1.600000e+308,,1.600000e+308,,1.600000e+308,,1.600000e+308,
915,,1.600000e+308,,1.600000e+308,,1.600000e+308,,1.600000e+308,
916,,1.600000e+308,,1.600000e+308,,1.600000e+308,,1.600000e+308,
917,,1.600000e+308,,1.600000e+308,,1.600000e+308,,1.600000e+308,
918,,1.600000e+308,,1.600000e+308,,1.600000e+308,,1.600000e+308,
919,,1.600000e+308,,2.592480e-05,,4.999872e-04,,1.600000e+308,
920,,1.600000e+308,,2.615040e-05,,1.600000e+308,,1.600000e+308,
921,,1.600000e+308,,2.623200e-05,,1.600000e+308,,1.600000e+308,
922,,1.600000e+308,,2.597760e-05,,1.600000e+308,,1.600000e+308,
923,,1.600000e+308,,2.607840e-05,,1.600000e+308,,1.600000e+308,
924,,1.600000e+308,,2.635200e-05,,1.600000e+308,,1.600000e+308,
925,,1.600000e+308,,2.639520e-05,,1.600000e+308,,1.600000e+308,
926,,1.600000e+308,,2.596800e-05,,1.600000e+308,,1.600000e+308,
927,,1.600000e+308,,2.616960e-05,,1.600000e+308,,1.600000e+308,
928,,1.600000e+308,,2.597760e-05,,1.600000e+308,,1.600000e+308,
929,,1.600000e+308,,2.604480e-05,,1.600000e+308,,1.600000e+308,
930,,1.600000e+308,,2.608800e-05,,1.600000e+308,,1.600000e+308,
931,,1.600000e+308,,2.591520e-05,,1.600000e+308,,1.600000e+308,
932,,1.600000e+308,,2.606880e-05,,1.600000e+308,,1.600000e+308,
933,,1.600000e+308,,2.610240e-05,,1.600000e+308,,1.600000e+308,
934,,1.600000e+308,,2.597760e-05,,1.600000e+308,,1.600000e+308,
935,,1.600000e+308,,2.608320e-05,,1.600000e+308,,1.600000e+308,
936,,1.600000e+308,,2.599680e-05,,1.600000e+308,,1.600000e+308,
937,,1.600000e+308,,2.627520e-05,,1.600000e+308,,1.600000e+308,
938,,1.600000e+308,,2.633280e-05,,1.600000e+308,,1.600000e+308,
939,,1.600000e+308,,2.596800e-05,,1.600000e+308,,1.600000e+308,
940,,1.600000e+308,,2.603040e-05,,1.600000e+308,,1.600000e+308,
941,,1.600000e+308,,2.599200e-05,,1.600000e+308,,1.600000e+308,
942,,1.600000e+308,,2.616960e-05,,1.600000e+308,,1.600000e+308,
943,,1.600000e+308,,2.596320e-05,,1.600000e+308,,1.600000e+308,
944,,1.600000e+308,,2.612640e-05,,1.600000e+308,,1.600000e+308,
945,,1.600000e+308,,2.593440e-05,,1.600000e+308,,1.600000e+308,
946,,1.600000e+308,,2.604960e-05,,1.600000e+308,,1.600000e+308,
947,,1.600000e+308,,2.604960e-05,,1.600000e+308,,1.600000e+308,
948,,1.600000e+308,,2.605440e-05,,1.600000e+308,,1.600000e+308,
949,,1.600000e+308,,2.616960e-05,,1.600000e+308,,1.600000e+308,
950,,1.600000e+308,,2.603040e-05,,1.600000e+308,,1.600000e+308,
951,,1.600000e+308,,2.587200e-05,,1.600000e+308,,1.600000e+308,
952,,1.600000e+308,,2.625600e-05,,1.600000e+308,,1.600000e+308,
953,,1.600000e+308,,2.615520e-05,,1.600000e+308,,1.600000e+308,
954,,1.600000e+308,,2.624160e-05,,1.600000e+308,,1.600000e+308,
955,,1.600000e+308,,2.597760e-05,,1.600000e+308,,1.600000e+308,
956,,1.600000e+308,,2.600640e-05,,1.600000e+308,,1.600000e+308,
957,,1.600000e+308,,2.630400e-05,,1.600000e+308,,1.600000e+308,
958,,1.600000e+308,,2.615520e-05,,1.600000e+308,,1.600000e+308,
959,,1.600000e+308,,2.601120e-05,,1.600000e+308,,1.600000e+308,
960,,1.600000e+308,,2.590560e-05,,1.600000e+308,,1.600000e+308,
961,,1.600000e+308,,2.600640e-05,,1.600000e+308,,1.600000e+308,
962,,1.600000e+308,,2.603520e-05,,1.600000e+308,,1.600000e+308,
963,,1.600000e+308,,2.628480e-05,,1.600000e+308,,1.600000e+308,
964,,1.600000e+308,,2.602560e-05,,1.600000e+308,,1.600000e+308,
965,,1.709616e-04,,2.610240e-05,,1.600000e+308,,5.332800e-06,
966,,1.710576e-04,,2.627040e-05,,1.600000e+308,,5.328000e-06,
967,,1.710000e-04,,2.594400e-05,,1.600000e+308,,5.342400e-06,
968,,1.710528e-04,,2.604000e-05,,1.600000e+308,,5.332800e-06,
969,,1.710432e-04,,2.613120e-05,,1.600000e+308,,5.294400e-06,
970,,1.710336e-04,,2.628000e-05,,1.600000e+308,,5.337600e-06,
971,,1.710432e-04,,2.607360e-05,,1.600000e+308,,5.313600e-06,
972,,1.710768e-04,,2.592480e-05,,1.600000e+308,,5.332800e-06,
973,,1.710192e-04,,2.619360e-05,,1.600000e+308,,5.366400e-06,
974,,1.710000e-04,,2.605920e-05,,1.600000e+308,,5.318400e-06,
975,,1.711248e-04,,2.608800e-05,,1.600000e+308,,5.280000e-06,
976,,1.710288e-04,,2.605920e-05,,1.600000e+308,,5.251200e-06,
977,,1.709664e-04,,2.592000e-05,,1.600000e+308,,5.332800e-06,
978,,1.710384e-04,,2.597760e-05,,1.600000e+308,,5.318400e-06,
979,,1.711152e-04,,2.598720e-05,,1.600000e+308,,5.313600e-06,
980,,1.710000e-04,,2.600160e-05,,1.600000e+308,,5.352000e-06,
981,,1.709952e-04,,2.608320e-05,,1.600000e+308,,5.304000e-06,
982,,1.710288e-04,,2.601120e-05,,1.600000e+308,,5.332800e-06,
983,,1.711248e-04,,2.591040e-05,,1.600000e+308,,5.318400e-06,
984,,1.709616e-04,,2.611200e-05,,1.600000e+308,,5.275200e-06,
985,,1.710144e-04,,2.615520e-05,,1.600000e+308,,5.308800e-06,
986,,1.710576e-04,,2.614080e-05,,1.600000e+308,,5.284800e-06,
987,,1.710192e-04,,2.620320e-05,,1.600000e+308,,5.275200e-06,
988,,1.710864e-04,,2.605440e-05,,1.600000e+308,,5.390400e-06,
989,,1.709760e-04,,2.592480e-05,,1.600000e+308,,5.318400e-06,
990,,1.709904e-04,,2.583840e-05,,1.600000e+308,,5.361600e-06,
991,,1.710672e-04,,2.598240e-05,,1.600000e+308,,5.332800e-06,
992,,1.711200e-04,,2.602560e-05,,1.600000e+308,,5.323200e-06,
993,,1.710864e-04,,2.617440e-05,,1.600000e+308,,5.371200e-06,
994,,1.710768e-04,,2.605440e-05,,1.600000e+308,,5.342400e-06,
995,,1.710384e-04,,2.596320e-05,,1.600000e+308,,5.371200e-06,
996,,1.711536e-04,,2.626080e-05,,1.600000e+308,,5.328000e-06,
997,,1.710384e-04,,2.617920e-05,,1.600000e+308,,5.289600e-06,
998,,1.710432e-04,,2.599200e-05,,1.600000e+308,,5.342400e-06,
999,,1.710288e-04,,2.641440e-05,,1.600000e+308,,5.385600e-06,
1000,,1.709952e-04,,2.617920e-05,,1.600000e+308,,5.342400e-06,
